{
    "files": [
        {
            "title": "7 грудня 2016р. - 100 ліття закладення наріжного каменя",
            "description": "В цей радісний і святковий для нас день, дозвольте Вас усіх привітати — зі 100-нім ювілеєм закладення наріжного .....",
            "file": "2016-12-07-ua.html"
        },
        {
            "title": "30 жовтня 2011р. - Свядкування 100 ліття парохії",
            "description": "Парохія св. Арх. Михаїла стоїть на порозі столітнього ювілею. Її заснування було пов’язане із духовною потребою перших українських переселенців до Канади .....",
            "file": "2011-10-30-ua.html"
        }
    ]
}
